,id,prob
0,E10559,0.5344685496149068
1,E4849,0.30560856515895135
2,E3964,0.6490143775506985
3,E542,0.5689836079887257
4,E331,0.9127516494727465
5,E10471,0.979242855552331
6,E9186,0.29867018858907285
7,E5576,0.4785904807216069
8,E9705,0.4314906477781326
9,E7309,0.256133157029674
10,E476,0.8110995415610406
11,E5217,0.5882683440693319
12,E7653,0.6599873329886555
13,E1530,0.4314906477781326
14,E10379,0.624047458346837
15,E1516,0.5689836079887257
16,E9418,0.9079684091486344
17,E9388,0.256133157029674
18,E10737,0.37571105606718447
19,E5290,0.9990805266077188
20,E6010,0.30611432899805086
21,E4307,0.4018282705354849
22,E4548,0.6599873329886555
23,E3030,0.9329950044076899
24,E68,0.9170836921054623
25,E5739,0.8782047057002611
26,E2394,0.5499675851468206
27,E3629,0.8604055445040018
28,E8652,0.9850835280260941
29,E5779,0.3278329814765878
30,E10269,0.9493551493782366
31,E7456,0.5501339719915135
32,E9199,0.6599873329886555
33,E1606,0.9499359230644513
34,E9077,0.8733601298734139
35,E9576,0.28716163682432966
36,E2810,0.9376704788699219
37,E1091,0.9483468619736863
38,E2755,0.4967287435738855
39,E1405,0.5306083195311312
40,E2213,0.3637103343479273
41,E1321,0.28716163682432966
42,E10797,0.4831934375650297
43,E7340,0.4314906477781326
44,E9659,0.9878184555464827
45,E1678,0.9423019232078047
46,E9591,0.3263007569750279
47,E6377,0.5499675851468206
48,E10130,0.4314906477781326
49,E5582,0.25556172845824543
50,E9510,0.46465622714179877
51,E4237,0.46465622714179877
52,E10470,0.8922716001883471
53,E7528,1.0
54,E2567,0.3637103343479273
55,E6083,0.4785904807216069
56,E6735,0.9781547317593976
57,E6800,0.7977245727113202
58,E2293,0.4839190550854543
59,E1633,0.25556172845824543
60,E10659,0.9222958246267672
61,E543,0.30560856515895135
62,E7177,0.25556172845824543
63,E4126,0.29867018858907285
64,E2850,0.26200172329106175
65,E2078,0.7663143859291435
66,E5746,0.26200172329106175
67,E2445,0.9999293036408625
68,E2958,0.42231103186371194
69,E3497,0.9079684091486344
70,E5069,0.7717586180225979
71,E8995,0.3669264080332847
72,E8220,0.9761595631607245
73,E4354,0.9716207041683689
74,E7578,0.28716163682432966
75,E2122,0.4785904807216069
76,E6661,0.7484775727388537
77,E2582,0.4314906477781326
78,E1836,0.25556172845824543
79,E7881,1.0
80,E6685,0.29867018858907285
81,E113,0.30611432899805086
82,E1161,0.256133157029674
83,E8062,0.256133157029674
84,E5637,0.4831934375650297
85,E4470,1.0
86,E6905,0.9086951210014105
87,E7553,0.4030301761190292
88,E7773,0.43139006134524943
89,E1991,0.8777701908145049
90,E3997,0.7593626877418407
91,E5326,0.28716163682432966
92,E3076,0.4314906477781326
93,E2018,0.9260498736451812
94,E594,0.25556172845824543
95,E2971,0.8587349400094142
96,E6692,0.8289753634077963
97,E3383,0.9999293036408625
98,E8755,0.29867018858907285
99,E1494,0.9921498909595409
100,E7725,0.6689813076779814
101,E8265,0.5501339719915135
102,E8021,0.4314906477781326
103,E7110,0.7484775727388537
104,E8495,0.976261449039227
105,E6551,0.3302029105256017
106,E10716,0.256133157029674
107,E9434,0.28716163682432966
108,E2128,0.9992735191542321
109,E8123,0.30611432899805086
110,E1658,1.0
111,E7504,0.3857925311937743
112,E8552,0.29867018858907285
113,E798,0.8110995415610406
114,E5976,0.8467461082308821
115,E6501,0.25556172845824543
116,E8648,0.8129835995320551
117,E7213,0.8322001869407339
118,E6667,0.37571105606718447
119,E6701,0.256133157029674
120,E4011,0.9432540074302999
121,E6880,0.4314906477781326
122,E2679,0.25556172845824543
123,E10280,0.3302029105256017
124,E6213,0.994648444508727
125,E7717,0.5499675851468206
126,E5342,0.4314906477781326
127,E3783,1.0
128,E4763,0.30611432899805086
129,E8563,0.40956157475726557
130,E8256,0.8782047057002611
131,E7562,0.30560856515895135
132,E8807,0.9977997783580548
133,E1160,0.4314906477781326
134,E6757,0.9352216920332361
135,E4130,0.28716163682432966
136,E10778,0.28716163682432966
137,E6789,0.28716163682432966
138,E1448,0.256133157029674
139,E1869,0.256133157029674
140,E10537,0.3302029105256017
141,E8348,0.28716163682432966
142,E5158,0.3302029105256017
143,E5939,0.9292413503548346
144,E10623,0.256133157029674
145,E4941,0.4785904807216069
146,E9068,0.6710192141717759
147,E9894,0.5491220309198297
148,E1121,1.0
149,E5634,0.26200172329106175
150,E3890,0.9433017873371309
151,E10467,0.25556172845824543
152,E3728,1.0
153,E3943,0.26200172329106175
154,E6303,0.3669264080332847
155,E9052,1.0
156,E533,0.4314906477781326
157,E132,0.28980937548881985
158,E1580,0.7170698435409086
159,E4034,0.30611432899805086
160,E9422,0.9448802777992699
161,E2575,0.9131689116250314
162,E1043,0.8979907245393814
163,E8480,0.5398220642188722
164,E10111,0.3857925311937743
165,E330,0.3278329814765878
166,E7838,0.26200172329106175
167,E9529,0.25556172845824543
168,E5397,0.4831934375650297
169,E6862,0.40956157475726557
170,E3740,0.9999293036408625
171,E118,0.29867018858907285
172,E8133,0.30560856515895135
173,E8441,0.9138279674988479
174,E4814,0.256133157029674
175,E5592,0.5501339719915135
176,E4117,0.256133157029674
177,E7793,0.8987153462075064
178,E2368,0.256133157029674
179,E9954,0.43188554889136277
180,E10307,0.3302029105256017
181,E7729,1.0
182,E1123,0.5907645276189549
183,E5155,0.256133157029674
184,E5224,0.4831934375650297
185,E2789,0.7624304252347232
186,E8483,0.40956157475726557
187,E10552,0.6617297940450177
188,E8884,0.9515346638983546
189,E10377,0.29867018858907285
190,E10193,0.256133157029674
191,E5811,0.8319093087044468
192,E8541,0.49055823198440757
193,E486,0.6477704063609337
194,E8888,0.9977203276424749
195,E6532,0.9972873119043175
196,E4165,1.0
197,E3160,0.9993089292473364
198,E982,0.8987153462075064
199,E5505,0.4090879250747862
200,E741,0.4030301761190292
201,E8115,0.9214037926465547
202,E7410,0.8100792846422109
203,E687,0.28716163682432966
204,E10385,1.0
205,E3446,0.29867018858907285
206,E1295,0.5499675851468206
207,E10695,0.7050379068623575
208,E4417,0.4967287435738855
209,E5099,0.4785904807216069
210,E8638,0.256133157029674
211,E8886,0.3637103343479273
212,E398,0.8311223633902912
213,E7150,0.40956157475726557
214,E7724,0.3302029105256017
215,E2655,0.3857925311937743
216,E9266,0.9575926191648356
217,E7954,0.37571105606718447
218,E3814,0.9908503714887467
219,E2045,0.25556172845824543
220,E1948,0.256133157029674
221,E637,0.5499675851468206
222,E4060,0.30611432899805086
223,E2249,0.9963788639050006
224,E4486,0.5398220642188722
225,E7770,0.9948175400003354
226,E6717,0.4018282705354849
227,E10268,0.712005468721168
228,E2382,0.4831934375650297
229,E4614,0.712005468721168
230,E4396,0.9485997616437883
231,E9562,0.25556172845824543
232,E7088,0.9980363795329277
233,E1890,0.9498828846401886
234,E1764,0.40956157475726557
235,E9819,0.999903381642512
236,E4640,0.9041194321374869
237,E8385,0.9922880616528824
238,E2514,0.3669264080332847
239,E8377,0.5344685496149068
240,E3496,0.30793372920923295
241,E1432,0.28716163682432966
242,E8278,0.30611432899805086
243,E8219,0.3278329814765878
244,E380,0.9079684091486344
245,E416,0.30793372920923295
246,E7152,0.8383635248068865
247,E1463,0.4831934375650297
248,E7247,0.4090879250747862
249,E3418,1.0
250,E8092,0.37571105606718447
251,E4181,0.8156265482786413
252,E10669,0.40956157475726557
253,E6786,0.9873892749484628
254,E3287,0.624047458346837
255,E8885,0.46188525889347154
256,E7338,0.25556172845824543
257,E4890,0.9998737373737374
258,E8264,0.26200172329106175
259,E5638,0.26200172329106175
260,E5846,0.7170698435409086
261,E1646,0.28980937548881985
262,E8763,0.9998622589531682
263,E3816,0.9079684091486344
264,E6732,0.7380681105604759
265,E1303,0.9924845161258155
266,E9350,0.256133157029674
267,E10419,0.9372832935691638
268,E4563,0.4314906477781326
269,E647,0.941218426050748
270,E344,0.4018282705354849
271,E9536,0.8129835995320551
272,E2617,0.4881434605936004
273,E10825,0.5689836079887257
274,E1078,0.9936619440911206
275,E6851,0.9531926919657288
276,E8879,0.30560856515895135
277,E6705,0.30560856515895135
278,E4207,0.5306083195311312
279,E4483,0.4831934375650297
280,E9584,0.46188525889347154
281,E9846,0.3637103343479273
282,E9459,0.9532592664080847
283,E1668,0.3302029105256017
284,E4090,0.256133157029674
285,E6989,0.8782047057002611
286,E564,0.49540612938659984
287,E9169,0.43139006134524943
288,E5313,0.9475457385249083
289,E2354,0.30560856515895135
290,E5456,0.5501339719915135
291,E3361,0.4090879250747862
292,E9856,0.8815380390335944
293,E6670,0.9846926831210245
294,E4170,0.4090879250747862
295,E7122,0.9372832935691638
296,E3031,0.30560856515895135
297,E6175,1.0
298,E4828,1.0
299,E817,0.4831934375650297
300,E7319,0.9870426296922062
301,E9935,0.8815380390335944
302,E4198,0.43139006134524943
303,E5379,0.30611432899805086
304,E9930,0.8608712191607827
305,E3910,0.7050379068623575
306,E9816,0.28716163682432966
307,E6957,0.5306083195311312
308,E10243,0.42231103186371194
309,E4518,0.3302029105256017
310,E9633,0.37571105606718447
311,E3538,1.0
312,E2286,0.624047458346837
313,E402,0.6106904448660961
314,E5129,0.9162585517249328
315,E4101,0.7717586180225979
316,E3255,0.8642172614299811
317,E5177,0.9480031022201777
318,E10847,0.9923657615052293
319,E2008,0.585360054971526
320,E3681,0.26200172329106175
321,E3359,0.5689836079887257
322,E3636,0.9908756395129197
323,E2480,0.3278329814765878
324,E8321,0.26200172329106175
325,E1642,0.5398220642188722
326,E8054,0.4881434605936004
327,E5026,0.8153687164447542
328,E1942,0.9882631392338099
329,E9332,0.7025493244703804
330,E5820,0.9419471511888412
331,E112,0.9389475527171701
332,E7151,0.8248097191238075
333,E7897,0.4314906477781326
334,E4685,0.256133157029674
335,E7427,0.9954481883300279
336,E5077,0.25556172845824543
337,E9841,0.30560856515895135
338,E5903,0.25556172845824543
339,E6297,0.9878436811624335
340,E8018,0.93437095518779
341,E5032,0.6887131355364113
342,E9927,0.46188525889347154
343,E5135,0.256133157029674
344,E7852,0.4314906477781326
345,E231,0.46188525889347154
346,E3393,0.9978573561776981
347,E3017,0.9694433262731273
348,E9673,0.3278329814765878
349,E1172,0.9759549571006059
350,E6126,0.9993155756964571
351,E1470,0.9759549571006059
352,E8896,0.28716163682432966
353,E3161,0.8467461082308821
354,E3472,0.37571105606718447
355,E2167,0.4314906477781326
356,E2636,0.4018282705354849
357,E8149,0.7050379068623575
358,E9090,0.4881434605936004
359,E6847,0.997073076032285
360,E2786,0.8782047057002611
361,E9972,0.9999293036408625
362,E10107,0.9079684091486344
363,E3113,0.25556172845824543
364,E6044,0.5499675851468206
365,E6075,0.256133157029674
366,E5686,0.256133157029674
367,E576,0.9929662272879384
368,E8605,0.5689836079887257
369,E9563,0.7381500737944002
370,E8551,0.4090879250747862
371,E1959,0.26200172329106175
372,E379,0.9999293036408625
373,E215,0.29867018858907285
374,E2899,0.29867018858907285
375,E5092,0.48749845966009414
376,E8581,0.28716163682432966
377,E407,0.8462775706067115
378,E5325,0.5344685496149068
379,E8198,0.5499675851468206
380,E10722,0.25556172845824543
381,E7543,0.256133157029674
382,E5393,0.5907645276189549
383,E10077,0.6477704063609337
384,E7679,0.919508409941469
385,E10621,0.29867018858907285
386,E9672,1.0
387,E4168,0.9992929675285334
388,E1340,0.7195241166444448
389,E5498,0.3637103343479273
390,E4826,0.30611432899805086
391,E3632,0.256133157029674
392,E9797,0.9412051164875489
393,E9581,0.8979907245393814
394,E7235,0.30611432899805086
395,E8968,0.5499675851468206
396,E8842,0.988119397230579
397,E4905,0.40956157475726557
398,E6544,0.85193376538899
399,E6785,0.25556172845824543
400,E10443,0.256133157029674
401,E5131,0.9506084374080144
402,E7879,0.870218463318503
403,E226,0.37571105606718447
404,E2087,0.8815380390335944
405,E8023,0.256133157029674
406,E6833,0.9435506623639662
407,E10586,0.46188525889347154
408,E5192,0.9816843642748528
409,E1223,0.25556172845824543
410,E10350,0.624047458346837
411,E6395,0.8383635248068865
412,E8309,0.256133157029674
413,E9958,0.26200172329106175
414,E8486,0.7396249076346839
415,E8378,0.4030301761190292
416,E4988,1.0
417,E9014,0.9903884487333166
418,E3392,0.6923403794240431
419,E8493,0.5491220309198297
420,E5838,0.4314906477781326
421,E9295,0.42231103186371194
422,E5932,0.9999293036408625
423,E176,0.8156265482786413
424,E1795,0.30560856515895135
425,E6864,0.8782047057002611
426,E1578,0.26200172329106175
427,E8815,1.0
428,E1280,0.7176356295059911
429,E8566,0.29867018858907285
430,E78,0.4030301761190292
431,E6884,0.30560856515895135
432,E2651,0.29867018858907285
433,E6771,0.5905919102615279
434,E1053,0.5882683440693319
435,E7258,0.9946627626350463
436,E7447,0.30560856515895135
437,E8518,0.26200172329106175
438,E3787,0.624047458346837
439,E10426,0.8110995415610406
440,E6454,0.28716163682432966
441,E1420,0.256133157029674
442,E7043,0.3637103343479273
443,E8085,0.25556172845824543
444,E4512,0.8042852469797783
445,E3692,0.3302029105256017
446,E185,0.30611432899805086
447,E8415,0.3302029105256017
448,E7100,0.9992592592592594
449,E7943,0.5491220309198297
450,E2820,0.46173291664459254
451,E1479,1.0
452,E10025,0.3857925311937743
453,E1439,0.25556172845824543
454,E7166,0.7170698435409086
455,E3685,0.5905919102615279
456,E6442,0.6599873329886555
457,E5688,0.43139006134524943
458,E5565,0.28980937548881985
459,E2486,0.26200172329106175
460,E10689,1.0
461,E10331,0.9978234675074459
462,E1785,0.9131689116250314
463,E50,1.0
464,E2609,0.5524443675313349
465,E7228,0.5499675851468206
466,E1055,0.256133157029674
467,E4306,0.26200172329106175
468,E9291,1.0
469,E317,0.26200172329106175
470,E5867,0.256133157029674
471,E874,0.980423703099131
472,E7027,0.9024345064722057
473,E8992,0.6106904448660961
474,E6380,0.37571105606718447
475,E9269,0.7195241166444448
476,E501,0.7624304252347232
477,E971,0.46442821656681177
478,E6588,0.26200172329106175
479,E6545,0.7624304252347232
480,E10626,0.30560856515895135
481,E3134,0.7593626877418407
482,E4650,0.4314906477781326
483,E3992,0.256133157029674
484,E4522,0.4839190550854543
485,E512,0.8887611370970283
486,E2459,0.4314906477781326
487,E349,0.48749845966009414
488,E2547,0.630382996879122
489,E8112,1.0
490,E493,0.5398220642188722
491,E10769,0.30560856515895135
492,E10300,0.7977245727113202
493,E9007,0.8782047057002611
494,E281,0.25556172845824543
495,E6489,0.8595685667657001
496,E5485,0.9058558606810857
497,E4173,0.9980818065665156
498,E1566,0.3302029105256017
499,E10407,0.26200172329106175
500,E560,0.30793372920923295
501,E2932,0.8599285198976503
502,E8166,1.0
503,E7355,0.25556172845824543
504,E705,0.5905919102615279
505,E6017,0.9767667327389562
506,E3186,0.8156265482786413
507,E2921,0.25556172845824543
508,E7386,0.9752131011853246
509,E7926,0.9986985151333576
510,E76,0.256133157029674
511,E6718,0.630382996879122
512,E7072,0.5501339719915135
513,E7860,0.5882683440693319
514,E5785,0.46188525889347154
515,E4745,0.4881434605936004
516,E3061,0.9966217471550772
517,E1217,0.4090879250747862
518,E3719,0.25556172845824543
519,E436,0.4967287435738855
520,E7429,0.630382996879122
521,E844,0.4090879250747862
522,E6919,0.988245223164094
523,E9385,1.0
524,E9141,0.30560856515895135
525,E10500,0.884271150530281
526,E3919,0.4314906477781326
527,E3861,0.9993089292473364
528,E10488,0.25556172845824543
529,E3748,0.25556172845824543
530,E9168,0.9980903317157056
531,E9853,1.0
532,E7503,0.28716163682432966
533,E7671,0.26200172329106175
534,E1069,0.48749845966009414
535,E8950,0.40956157475726557
536,E2709,0.9428570740216843
537,E5402,0.8782047057002611
538,E961,0.9559798986182155
539,E723,0.9787480255541109
540,E7686,0.256133157029674
541,E5594,0.896123980914415
542,E5018,0.7689962290688064
543,E7974,0.9978909294419713
544,E3665,0.7113000624379829
545,E9977,0.5815575708779332
546,E2396,0.30611432899805086
547,E6976,0.9300971569453909
548,E10286,0.5689836079887257
549,E7669,0.5398220642188722
550,E5049,0.43139006134524943
551,E6433,0.6617297940450177
552,E4205,0.6599873329886555
553,E7314,0.4881434605936004
554,E7596,0.9800252586566829
555,E1907,1.0
556,E6255,0.28716163682432966
557,E125,0.9877176867804159
558,E7996,0.960648307303501
559,E8545,0.4314906477781326
560,E2466,0.8122599331587226
561,E9985,0.7195241166444448
562,E4184,0.25556172845824543
563,E2551,1.0
564,E10783,0.7977245727113202
565,E1122,0.30611432899805086
566,E7581,0.8319774723643745
567,E972,0.9968707345175142
568,E2744,0.4831934375650297
569,E3549,0.30793372920923295
570,E8699,0.4018282705354849
571,E5723,0.9991108296380219
572,E5106,0.7050379068623575
573,E3154,0.9885774962825394
574,E122,0.9969311088206844
575,E1179,0.9963316519529322
576,E4627,0.256133157029674
577,E864,0.89770224826759
578,E9915,0.40956157475726557
579,E9479,0.4839190550854543
580,E5827,0.9448802777992699
581,E3746,0.40956157475726557
582,E8505,0.9513964173447752
583,E9560,0.8782047057002611
584,E4221,0.8110995415610406
585,E569,0.5499675851468206
586,E9886,0.25556172845824543
587,E5270,0.4314906477781326
588,E6899,1.0
589,E10337,0.28980937548881985
590,E8391,0.7025493244703804
591,E1960,0.256133157029674
592,E8356,0.4785904807216069
593,E2435,0.25556172845824543
594,E3067,1.0
595,E1286,0.3302029105256017
596,E6056,0.4881434605936004
597,E4767,0.7647021944108117
598,E589,0.8383141284567325
599,E10478,0.955091576957711
600,E9487,0.25556172845824543
601,E8026,0.9901043477441563
602,E7536,0.915678087560719
603,E1127,0.4785904807216069
604,E7741,1.0
605,E1401,0.9152371713755691
606,E4975,0.25556172845824543
607,E1614,0.6490143775506985
608,E10403,0.26200172329106175
609,E6443,0.6923403794240431
610,E5679,0.26200172329106175
611,E5743,0.5398220642188722
612,E809,0.4314906477781326
613,E10461,0.48749845966009414
614,E7124,0.7033545917662801
615,E156,0.25556172845824543
616,E4247,0.25556172845824543
617,E2889,0.9925280940866434
618,E7965,0.7977245727113202
619,E9311,0.9363911572079922
620,E5717,0.5398220642188722
621,E7171,0.9983604381628609
622,E7630,0.7484775727388537
623,E1369,0.30611432899805086
624,E2603,0.9095861463049862
625,E4775,0.40956157475726557
626,E3489,0.43139006134524943
627,E6138,0.9827747548650944
628,E8409,0.46465622714179877
629,E7256,0.885096436528648
630,E4055,1.0
631,E9425,0.30793372920923295
632,E1320,0.7801672748252647
633,E9609,0.49540612938659984
634,E829,0.949423242119947
635,E57,0.26200172329106175
636,E5385,0.4314906477781326
637,E10104,0.5499675851468206
638,E1299,0.4946608400708268
639,E7106,0.26200172329106175
640,E3923,0.9292413503548346
641,E374,0.48749845966009414
642,E5351,0.5524443675313349
643,E5953,0.9926740881307982
644,E1129,0.892215358603135
645,E3694,0.6599873329886555
646,E5987,0.6923403794240431
647,E6232,0.9968411783988993
648,E2475,0.25556172845824543
649,E9120,0.25556172845824543
650,E4653,0.3637103343479273
651,E7923,0.5306083195311312
652,E9814,0.3857925311937743
653,E1669,0.896123980914415
654,E3294,0.29867018858907285
655,E5832,0.4018282705354849
656,E6394,0.9864099736077014
657,E8637,0.9427731479803894
658,E9402,0.8829584818008896
659,E2660,0.26200172329106175
660,E9998,0.5882683440693319
661,E2520,0.4030301761190292
662,E3897,0.26200172329106175
663,E1574,0.25556172845824543
664,E3523,1.0
665,E9715,0.26200172329106175
666,E2431,0.28716163682432966
667,E651,0.40956157475726557
668,E8943,0.4314906477781326
669,E3853,0.3302029105256017
670,E7459,0.9928143157554128
671,E7532,0.25556172845824543
672,E7275,0.5306083195311312
673,E2377,0.9309144137992373
674,E5369,0.5398220642188722
675,E9163,0.6599873329886555
676,E1562,0.256133157029674
677,E9796,0.8248097191238075
678,E4691,0.5499675851468206
679,E9478,0.256133157029674
680,E1408,0.3669264080332847
681,E8870,0.5060273370486024
682,E8559,0.29867018858907285
683,E5853,0.4090879250747862
684,E10828,0.30560856515895135
685,E10092,0.9619870676891867
686,E2989,0.43139006134524943
687,E556,0.9845117673487422
688,E9231,0.6477704063609337
689,E10554,0.5501339719915135
690,E5309,0.9222958246267672
691,E5033,1.0
692,E314,0.6410039228701487
693,E387,0.40956157475726557
694,E2170,0.7624304252347232
695,E3675,0.9079684091486344
696,E4528,0.26200172329106175
697,E10641,0.5524443675313349
698,E5590,0.9921083236415293
699,E2308,0.4314906477781326
700,E6285,0.5060273370486024
701,E1548,0.8110995415610406
702,E9612,0.7025493244703804
703,E10360,0.9326183096851445
704,E10723,0.30793372920923295
705,E10256,0.28716163682432966
706,E52,0.9079684091486344
707,E4542,0.9834153507498289
708,E7102,0.5491220309198297
709,E7129,0.29867018858907285
710,E3280,0.9975216557179716
711,E6713,0.9240104453272802
712,E9602,0.3637103343479273
713,E3670,0.8782047057002611
714,E7733,0.256133157029674
715,E5695,0.8500994692178162
716,E2107,0.999969696969697
717,E8785,0.9565273433146022
718,E4225,0.43139006134524943
719,E10177,0.256133157029674
720,E7267,0.4785904807216069
721,E10589,0.9670522008750725
722,E1741,0.256133157029674
723,E10632,0.9853238006041657
724,E7955,0.7992198545444935
725,E5978,0.5398220642188722
726,E8824,0.9313821600268757
727,E3245,0.9433858448589589
728,E8040,0.43139006134524943
729,E2417,0.26200172329106175
730,E334,0.4831934375650297
731,E4568,0.3637103343479273
732,E3502,0.25556172845824543
733,E4861,0.4090879250747862
734,E441,0.30611432899805086
735,E6239,0.25556172845824543
736,E3805,0.3302029105256017
737,E6252,0.43139006134524943
738,E7194,0.5501339719915135
739,E845,0.7484775727388537
740,E6033,0.7113000624379829
741,E1305,0.9999293036408625
742,E3373,1.0
743,E3799,0.5882683440693319
744,E8235,0.26200172329106175
745,E8564,0.28716163682432966
746,E376,0.5614717620244827
747,E10830,0.25556172845824543
748,E8070,0.973645758384621
749,E3133,0.26200172329106175
750,E2813,0.9498828846401886
751,E7622,1.0
752,E2048,0.9978704747171925
753,E3299,0.26200172329106175
754,E2029,0.8341318084269466
755,E8182,0.9033126179924184
756,E1403,0.3302029105256017
757,E7420,1.0
758,E9279,0.4946608400708268
759,E2320,0.7050379068623575
760,E3382,0.8110995415610406
761,E3128,0.25556172845824543
762,E9520,1.0
763,E5297,0.9925843272423552
764,E8554,1.0
765,E1638,0.4881434605936004
766,E1304,0.7647021944108117
767,E735,0.9037996309794314
768,E7840,0.7288566578557415
769,E236,0.29867018858907285
770,E2697,0.4967287435738855
771,E9481,0.909139482000958
772,E10166,0.25556172845824543
773,E95,0.4314906477781326
774,E2278,0.25556172845824543
775,E3304,0.5882683440693319
776,E9222,0.4314906477781326
777,E358,0.9132442199788919
778,E3490,0.37571105606718447
779,E9380,0.3278329814765878
780,E823,1.0
781,E5138,0.5398220642188722
782,E4223,0.8210542159806039
783,E10462,0.5398220642188722
784,E8792,0.8603893308701412
785,E899,0.30611432899805086
786,E893,0.3637103343479273
787,E3045,0.3302029105256017
788,E4490,0.7761924620605745
789,E2147,0.5499675851468206
790,E1428,0.7715871867999544
791,E9959,0.624643762064689
792,E716,1.0
793,E5962,0.9532592664080847
794,E8782,0.9695451100767881
795,E2324,0.7801672748252647
796,E6309,0.9827032918714597
797,E2562,0.968494489401488
798,E5013,0.9999293036408625
799,E6273,0.4314906477781326
800,E1970,0.48749845966009414
801,E5885,0.4831934375650297
802,E171,0.256133157029674
803,E5845,0.6021543633895037
804,E2092,1.0
805,E2316,0.7195241166444448
806,E6766,0.40956157475726557
807,E3438,0.37571105606718447
808,E9567,0.46442821656681177
809,E8707,0.26200172329106175
810,E4437,0.3278329814765878
811,E5765,0.712005468721168
812,E1185,0.49540612938659984
813,E359,0.29867018858907285
814,E7561,0.26200172329106175
815,E7640,0.6887131355364113
816,E3388,0.7484775727388537
817,E877,1.0
818,E4143,0.25556172845824543
819,E144,1.0
820,E9684,0.9131689116250314
821,E9678,0.740050632136088
822,E7511,0.5398220642188722
823,E9938,0.28716163682432966
824,E10289,0.8782047057002611
825,E4472,0.43188554889136277
826,E1272,0.9999293036408625
827,E3976,0.25556172845824543
828,E10734,1.0
829,E2297,0.9928310677168006
830,E2725,0.5306083195311312
831,E17,0.8814247114428904
832,E246,0.25556172845824543
833,E9505,1.0
834,E1806,0.6496529016007572
835,E2784,0.25556172845824543
836,E4208,0.30793372920923295
837,E857,0.7593626877418407
838,E7109,0.7250284350064881
839,E3903,0.5524443675313349
840,E10057,0.43188554889136277
841,E9867,0.4831934375650297
842,E9486,1.0
843,E6700,0.8289753634077963
844,E3548,0.256133157029674
845,E10581,0.6923403794240431
846,E2254,0.4314906477781326
847,E6981,0.43188554889136277
848,E544,0.3302029105256017
849,E3482,0.26200172329106175
850,E7726,0.5060273370486024
851,E157,0.931265787713707
852,E5979,0.30611432899805086
853,E3120,0.5907645276189549
854,E9777,0.9864245693860549
855,E7763,0.5499675851468206
856,E4882,0.7431333386665091
857,E6144,0.30560856515895135
858,E5894,0.25556172845824543
859,E10490,0.25556172845824543
860,E4250,0.9426612698142476
861,E1247,0.9366807829342034
862,E10804,1.0
863,E3284,0.25556172845824543
864,E2849,0.9992735191542321
865,E9043,0.4090879250747862
866,E4809,0.8500994692178162
867,E2936,0.25556172845824543
868,E9110,0.25556172845824543
869,E3564,0.5501339719915135
870,E5387,0.3637103343479273
871,E1645,0.25556172845824543
872,E8957,0.4090879250747862
873,E3579,0.4314906477781326
874,E539,0.25556172845824543
875,E8447,0.5398220642188722
876,E3730,0.9851730235388251
877,E6821,0.9209827693298628
878,E6249,1.0
879,E7415,0.49540612938659984
880,E4047,0.8110995415610406
881,E4070,0.37571105606718447
882,E5392,0.4314906477781326
883,E10061,0.25556172845824543
884,E2893,0.9592717326472769
885,E10673,0.9802577941186609
886,E5674,0.26200172329106175
887,E4713,0.4314906477781326
888,E10335,0.25556172845824543
889,E606,0.9998565855854858
890,E743,0.4314906477781326
891,E7828,0.4967287435738855
892,E2915,0.9423019232078047
893,E256,0.9998737373737374
894,E473,0.43139006134524943
895,E9218,0.40956157475726557
896,E7550,0.5524443675313349
897,E1571,0.5501339719915135
898,E5980,0.256133157029674
899,E3020,0.9171095071063876
900,E8048,0.9120564980609676
901,E2504,0.26200172329106175
902,E5703,0.9987641061080396
903,E1955,1.0
904,E1862,0.256133157029674
905,E8649,0.9292413503548346
906,E2772,0.46173291664459254
907,E5050,0.25556172845824543
908,E6115,0.4831934375650297
909,E3889,0.9870174192114065
910,E521,0.37571105606718447
911,E4839,0.7195241166444448
912,E8795,0.9926238469257231
913,E4755,0.4881434605936004
914,E404,0.9409724899818291
915,E623,0.4090879250747862
916,E8173,0.30611432899805086
917,E6439,0.920646497628768
918,E1132,0.7412648403077423
919,E1888,0.4946608400708268
920,E264,0.9789434147530418
921,E5682,0.9894382085948419
922,E8288,0.5398220642188722
923,E6758,0.5501339719915135
924,E10676,0.7647021944108117
925,E8017,0.7578438583806537
926,E4344,0.29867018858907285
927,E10714,0.624643762064689
928,E417,0.7412648403077423
929,E6694,0.256133157029674
930,E2716,0.4090879250747862
931,E4032,0.29867018858907285
932,E4279,0.9789845970190058
933,E162,0.4785904807216069
934,E5977,0.5524443675313349
935,E3135,0.37571105606718447
936,E1462,0.5398220642188722
937,E5934,0.9910491687710227
938,E999,0.28716163682432966
939,E6097,0.4030301761190292
940,E6053,0.256133157029674
941,E7481,0.6106904448660961
942,E10433,0.30560856515895135
943,E9053,0.5524443675313349
944,E7277,0.4090879250747862
945,E2288,0.9999293036408625
946,E5870,0.3857925311937743
947,E2152,0.9602574076023078
948,E5974,0.3302029105256017
949,E6206,0.256133157029674
950,E5088,0.5398220642188722
951,E6955,0.4967287435738855
952,E2523,0.40956157475726557
953,E910,0.30611432899805086
954,E5920,0.9515346638983546
955,E7495,0.28716163682432966
956,E8911,0.30793372920923295
957,E5804,0.6106904448660961
958,E7677,0.9992575757575757
959,E2677,0.4831934375650297
960,E1879,0.7195241166444448
961,E3918,0.9499359230644513
962,E9879,0.256133157029674
963,E423,0.9660611185260816
964,E4431,0.4314906477781326
965,E9348,0.9924465079228245
966,E20,0.4831934375650297
967,E535,0.25556172845824543
968,E111,0.25556172845824543
969,E10639,0.4314906477781326
970,E8037,0.4090879250747862
971,E7054,0.9980639677479461
972,E6127,1.0
973,E9455,0.43139006134524943
974,E3025,0.9894382085948419
975,E1892,0.7752775528137256
976,E3440,0.5344685496149068
977,E802,0.25556172845824543
978,E3327,0.28716163682432966
979,E9579,0.25556172845824543
980,E7147,0.6517521547913271
981,E4176,0.30793372920923295
982,E475,0.5398220642188722
983,E9440,0.46173291664459254
984,E4202,0.4314906477781326
985,E8688,0.9664007247395757
986,E4524,0.3857925311937743
987,E10033,0.9532592664080847
988,E1001,0.8325884684400757
989,E10518,0.8567781266677846
990,E3471,0.25556172845824543
991,E3547,0.26200172329106175
992,E5756,0.7695332193503566
993,E4094,0.26200172329106175
994,E9503,0.9999293036408625
995,E5334,0.46188525889347154
996,E3734,0.9659228000368753
997,E4660,0.8467461082308821
998,E2371,0.9152371713755691
999,E1916,0.5060273370486024
1000,E2741,0.30560856515895135
1001,E8618,0.940771186382735
1002,E7951,0.9499303404070345
1003,E3454,0.9310907255365976
1004,E8698,0.9998988877654197
1005,E3153,0.999908690343473
1006,E7165,0.3402669288393704
1007,E835,0.26200172329106175
1008,E925,0.9624002322167028
1009,E2162,0.8979907245393814
1010,E10572,0.28716163682432966
1011,E4295,0.9901555617101643
1012,E7666,0.28716163682432966
1013,E9626,0.999969696969697
1014,E5341,0.3669264080332847
1015,E7870,0.4831934375650297
1016,E6031,0.7647021944108117
1017,E10784,0.5524443675313349
1018,E1066,0.8289753634077963
1019,E390,0.26200172329106175
1020,E1744,0.256133157029674
1021,E3944,0.624047458346837
1022,E4420,0.28716163682432966
1023,E6774,0.256133157029674
1024,E3333,0.256133157029674
1025,E2080,1.0
1026,E6798,0.4831934375650297
1027,E2876,0.6710192141717759
1028,E8473,0.8110995415610406
1029,E7980,0.8987153462075064
1030,E6451,0.9189939391083117
1031,E10625,0.28980937548881985
1032,E10404,0.8015275468521859
1033,E3818,0.30611432899805086
1034,E641,0.8020186315369227
1035,E3521,1.0
1036,E6791,0.4030301761190292
1037,E7837,0.28716163682432966
1038,E964,0.26200172329106175
1039,E4499,0.7033545917662801
1040,E6741,0.26200172329106175
1041,E8033,0.9120663200020642
1042,E10190,0.6517521547913271
1043,E5500,0.574512503524623
1044,E9885,0.5501339719915135
1045,E10739,0.30560856515895135
1046,E54,0.4831934375650297
1047,E9121,0.30793372920923295
1048,E10242,0.25556172845824543
1049,E2863,0.7685777025156302
1050,E3366,0.9480977511360866
1051,E1730,0.3302029105256017
1052,E4710,0.3637103343479273
1053,E4454,0.256133157029674
1054,E3835,0.9896951229797576
1055,E2722,0.964445676528918
1056,E227,0.4881434605936004
1057,E1913,0.9041194321374869
1058,E7587,0.5815575708779332
1059,E9215,0.256133157029674
1060,E8666,0.25556172845824543
1061,E7866,0.30611432899805086
1062,E5693,0.26200172329106175
1063,E6546,0.8325884684400757
1064,E10069,0.4314906477781326
1065,E8122,0.25556172845824543
1066,E2161,0.5491220309198297
1067,E1099,0.25556172845824543
1068,E2627,0.9986985151333576
1069,E7176,0.43139006134524943
1070,E4811,0.7381500737944002
1071,E2005,0.25556172845824543
1072,E7642,0.256133157029674
1073,E3224,0.26200172329106175
1074,E1517,0.26200172329106175
1075,E4156,0.3637103343479273
1076,E5816,0.6923403794240431
1077,E7012,0.5499675851468206
1078,E3769,0.9985697934979342
1079,E1195,0.9921440685020114
1080,E8711,0.9918720799636713
1081,E5781,0.256133157029674
1082,E4899,0.3302029105256017
1083,E1126,0.46173291664459254
1084,E2407,0.256133157029674
1085,E5523,1.0
1086,E6883,0.9798940051230869
1087,E5331,0.3302029105256017
1088,E6111,0.944770270852848
1089,E993,0.256133157029674
1090,E4847,1.0
1091,E8029,0.30793372920923295
1092,E3892,0.9445301708468159
1093,E5925,0.8970573478630566
1094,E6201,0.46173291664459254
1095,E6379,0.43139006134524943
1096,E7398,0.4946608400708268
1097,E5112,1.0
1098,E10550,0.28716163682432966
1099,E860,0.5344685496149068
1100,E888,0.9999293036408625
1101,E5672,0.9998737373737374
1102,E7826,0.9906584657844691
1103,E952,1.0
1104,E572,0.4018282705354849
1105,E7557,0.9477082686746499
1106,E4370,0.3669264080332847
1107,E3214,0.8289753634077963
1108,E2112,0.26200172329106175
1109,E270,0.25556172845824543
1110,E10221,0.26200172329106175
1111,E1570,0.7888600577895116
1112,E1140,0.30560856515895135
1113,E4962,0.9817487552097726
1114,E2640,0.25556172845824543
1115,E4664,0.9796336411406694
1116,E9989,0.9936619440911206
1117,E1592,0.4831934375650297
1118,E9150,0.8110995415610406
1119,E9492,0.624643762064689
1120,E10315,0.4090879250747862
1121,E9214,0.8782047057002611
1122,E2500,0.8527765914106631
1123,E529,0.26200172329106175
1124,E8247,0.9388856267688667
1125,E8562,0.5306083195311312
1126,E1153,0.25556172845824543
1127,E7114,0.3278329814765878
1128,E9870,0.5398220642188722
1129,E7407,0.3637103343479273
1130,E5037,0.7484775727388537
1131,E2014,0.256133157029674
1132,E983,0.8110995415610406
1133,E7716,0.7050379068623575
1134,E709,0.8110995415610406
1135,E202,0.28716163682432966
1136,E449,0.9993333333333332
1137,E4029,0.26200172329106175
1138,E1022,0.7431333386665091
1139,E5225,0.7385061879446384
1140,E766,0.5491220309198297
1141,E1593,0.25556172845824543
1142,E6428,0.5398220642188722
1143,E3643,0.4314906477781326
1144,E6347,0.8289753634077963
1145,E4984,0.9998490338164251
1146,E6802,0.4018282705354849
1147,E9519,0.5501339719915135
1148,E4622,0.26200172329106175
1149,E621,0.30560856515895135
1150,E9408,0.28716163682432966
1151,E6737,0.7359622709376453
1152,E1040,0.9911119901360236
1153,E6196,0.4314906477781326
1154,E2251,0.7647021944108117
1155,E5319,0.9992929675285334
1156,E1166,0.9313821600268757
1157,E991,0.8110995415610406
1158,E5834,0.9720921268309894
1159,E9667,1.0
1160,E363,0.30793372920923295
1161,E6487,0.256133157029674
1162,E474,0.5060273370486024
1163,E9127,1.0
1164,E10705,0.8373037499463539
1165,E4409,0.25556172845824543
1166,E6125,0.7695332193503566
1167,E9276,0.4314906477781326
1168,E10196,0.3637103343479273
1169,E6134,0.40956157475726557
1170,E9982,0.256133157029674
1171,E134,0.5905919102615279
1172,E10686,0.8783084607827447
1173,E9665,0.4030301761190292
1174,E1582,0.3637103343479273
1175,E5273,0.4030301761190292
1176,E7670,0.9110487152596065
1177,E2023,0.4314906477781326
1178,E10412,0.9789615402171
1179,E1628,0.5882683440693319
1180,E1103,0.9993895858860211
1181,E5436,0.7412648403077423
1182,E9773,1.0
1183,E8517,0.256133157029674
1184,E1386,0.4314906477781326
1185,E4319,0.3302029105256017
1186,E263,0.3302029105256017
1187,E5465,0.9839364368087311
1188,E5850,0.9997241254958528
1189,E788,0.8110995415610406
1190,E5537,0.30611432899805086
1191,E143,0.25556172845824543
1192,E10066,0.9986477964773732
1193,E213,0.9767667327389562
1194,E9247,0.25556172845824543
1195,E7962,0.9253359486183811
1196,E2325,0.9495205780195212
1197,E7097,0.9192986988190901
1198,E10049,0.4967287435738855
1199,E8989,1.0
1200,E10209,1.0
1201,E793,0.28980937548881985
1202,E2456,0.9993602036300444
1203,E6048,0.9753362890189511
1204,E5067,0.5524443675313349
1205,E1373,0.9998737373737374
1206,E1076,0.5499675851468206
1207,E5751,0.49540612938659984
1208,E10843,0.4831934375650297
1209,E10772,0.4090879250747862
1210,E1183,0.9896745770600159
1211,E4891,1.0
1212,E4157,0.49055823198440757
1213,E592,0.28716163682432966
1214,E10215,0.29867018858907285
1215,E3033,0.7033545917662801
1216,E333,0.26200172329106175
1217,E9420,0.8987153462075064
1218,E4252,0.42231103186371194
1219,E5798,0.26200172329106175
1220,E8732,0.9402876302370734
1221,E5272,0.25556172845824543
1222,E104,0.3637103343479273
1223,E6279,0.5722600183965966
1224,E3978,0.9991104970524048
1225,E2527,0.25556172845824543
1226,E2824,0.28716163682432966
1227,E9268,0.9651946736054423
1228,E1784,0.5524443675313349
1229,E3862,0.4785904807216069
1230,E7945,0.29867018858907285
1231,E1885,0.7050379068623575
1232,E5778,0.5306083195311312
1233,E4131,0.763608709123669
1234,E9156,0.4314906477781326
1235,E9109,0.7359622709376453
1236,E10096,0.9513964173447752
1237,E818,0.29867018858907285
1238,E8216,0.26200172329106175
1239,E7212,0.9978234675074459
1240,E3858,0.4090879250747862
1241,E5543,0.9905942417295392
1242,E3375,1.0
1243,E7422,0.9990283456334195
1244,E10445,0.5882683440693319
1245,E2025,0.256133157029674
1246,E1936,0.6517521547913271
1247,E9571,0.5907645276189549
1248,E177,0.9915267559299531
1249,E80,0.3637103343479273
1250,E729,0.5882683440693319
1251,E10566,0.256133157029674
1252,E9050,0.25556172845824543
1253,E1237,0.30793372920923295
1254,E8168,0.9467243598057266
1255,E88,0.8373037499463539
1256,E8641,0.28980937548881985
1257,E4754,0.30611432899805086
1258,E9676,0.49198913418209633
1259,E7070,0.46442821656681177
1260,E9916,0.9890935823743261
1261,E7593,0.5060273370486024
1262,E10807,0.8599285198976503
1263,E2563,0.6496529016007572
1264,E8841,0.740050632136088
1265,E9914,0.28716163682432966
1266,E2259,0.5060273370486024
1267,E5128,0.30560856515895135
1268,E4139,0.256133157029674
1269,E6066,0.4314906477781326
1270,E583,0.9079684091486344
1271,E1006,0.43188554889136277
1272,E10156,0.49198913418209633
1273,E5372,0.9995706618642778
1274,E5676,0.5524443675313349
1275,E9349,1.0
1276,E5010,0.5499675851468206
1277,E2351,0.7687629687345929
1278,E1675,0.8110995415610406
1279,E9595,0.9079684091486344
1280,E3940,0.9483468619736863
1281,E5677,0.9978234675074459
1282,E6195,0.9489467971517993
1283,E9926,0.25556172845824543
1284,E2473,0.8289753634077963
1285,E9637,0.4314906477781326
1286,E8617,0.25556172845824543
1287,E567,0.25556172845824543
1288,E5509,0.48749845966009414
1289,E8367,0.25556172845824543
1290,E6995,0.26200172329106175
1291,E4493,0.9926183034166444
1292,E1336,0.9890551040557556
1293,E2135,0.26200172329106175
1294,E8183,1.0
1295,E1927,0.3637103343479273
1296,E1333,0.5306083195311312
1297,E6653,0.8373037499463539
1298,E7364,0.30560856515895135
1299,E9775,0.5398220642188722
1300,E7222,0.8110995415610406
1301,E8869,0.4967287435738855
1302,E2851,0.30611432899805086
1303,E5110,0.29867018858907285
1304,E1867,0.25556172845824543
1305,E8910,0.9998427235542824
1306,E4704,0.9613015546770989
1307,E10261,0.5306083195311312
1308,E8186,0.3669264080332847
1309,E6438,0.9152371713755691
1310,E7624,0.7715871867999544
1311,E8031,0.8383635248068865
1312,E6039,0.4314906477781326
1313,E7509,0.4831934375650297
1314,E10388,1.0
1315,E4478,0.740050632136088
1316,E6514,0.5905919102615279
1317,E4782,0.49540612938659984
1318,E5983,0.37571105606718447
1319,E4299,0.43139006134524943
1320,E3824,0.25556172845824543
1321,E1422,0.256133157029674
1322,E5533,0.46465622714179877
1323,E2687,0.4314906477781326
1324,E755,0.29867018858907285
1325,E785,0.30560856515895135
1326,E2298,0.7025493244703804
1327,E656,0.3278329814765878
1328,E8426,0.8110995415610406
1329,E6060,0.973645758384621
1330,E5658,0.4018282705354849
1331,E2979,0.9079684091486344
1332,E5019,0.256133157029674
1333,E5840,0.26200172329106175
1334,E6537,0.712005468721168
1335,E6227,0.6106904448660961
1336,E1977,1.0
1337,E1866,0.9977577111407472
1338,E338,1.0
1339,E1468,0.9938158164478867
1340,E8845,0.3302029105256017
1341,E7482,0.3278329814765878
1342,E2892,0.7624304252347232
1343,E8286,0.624047458346837
1344,E1241,0.4314906477781326
1345,E8538,0.5306083195311312
1346,E7454,0.6021543633895037
1347,E9345,0.5524443675313349
1348,E7282,0.25556172845824543
1349,E4731,0.28980937548881985
1350,E6921,0.5689836079887257
1351,E3439,0.8782047057002611
1352,E6092,0.5344685496149068
1353,E2392,0.8662174766664039
1354,E4012,0.99992784992785
1355,E3208,0.5060273370486024
1356,E2530,0.9330032649356698
1357,E593,0.3302029105256017
1358,E4456,0.9240104453272802
1359,E9580,0.975841161271914
1360,E6890,0.5306083195311312
1361,E5323,0.4030301761190292
1362,E7424,0.9998622589531682
1363,E6270,0.9992575757575757
1364,E1396,0.4831934375650297
1365,E6421,0.25556172845824543
1366,E9789,0.9787222181472368
1367,E7036,0.9777744657113043
1368,E1886,0.929083034219591
1369,E4167,0.969957274127766
1370,E10502,0.3669264080332847
1371,E8237,0.7888600577895116
1372,E1714,0.6517521547913271
1373,E2548,0.5524443675313349
1374,E2261,0.9564887279808874
1375,E1450,0.28716163682432966
1376,E2840,0.7381500737944002
1377,E8028,0.8815380390335944
1378,E2975,1.0
1379,E7216,0.29867018858907285
1380,E4678,0.49540612938659984
1381,E1667,0.9999293036408625
1382,E2685,0.256133157029674
1383,E3926,0.6477704063609337
1384,E4432,0.6923403794240431
1385,E7219,1.0
1386,E8479,0.8042852469797783
1387,E3093,0.9939349117018141
1388,E10055,0.256133157029674
1389,E1454,0.40956157475726557
1390,E524,0.3637103343479273
1391,E8745,0.4314906477781326
1392,E6740,0.4946608400708268
1393,E6695,0.256133157029674
1394,E315,0.8319774723643745
1395,E6526,1.0
1396,E2271,0.8156265482786413
1397,E2281,0.6923403794240431
1398,E5086,0.9928126175283907
1399,E5896,0.9079684091486344
1400,E852,0.9927342454456299
1401,E2498,0.9758844999125997
1402,E6783,0.3669264080332847
1403,E6173,0.9575529569234161
1404,E5865,0.3857925311937743
1405,E10580,0.28716163682432966
1406,E1753,0.8920627762327854
1407,E6818,0.30611432899805086
1408,E9845,0.5524443675313349
1409,E2550,0.3302029105256017
1410,E3390,0.26200172329106175
1411,E5219,0.9870426296922062
1412,E2995,0.7888600577895116
1413,E419,0.4314906477781326
1414,E6481,0.3637103343479273
1415,E4049,0.989804889832335
1416,E1693,0.30560856515895135
1417,E4519,0.763608709123669
1418,E105,0.7250284350064881
1419,E9421,0.712005468721168
1420,E8039,1.0
1421,E2665,0.7050379068623575
1422,E1016,0.5499675851468206
1423,E6632,0.256133157029674
1424,E10444,0.3669264080332847
1425,E6529,0.9983604381628609
1426,E8953,0.3857925311937743
1427,E5964,0.6490143775506985
1428,E5078,0.8434165813779645
1429,E10056,0.9875724611352166
1430,E28,0.26200172329106175
1431,E10653,0.7113000624379829
1432,E4007,0.28980937548881985
1433,E4764,0.25556172845824543
1434,E5409,0.3669264080332847
1435,E5986,0.30560856515895135
1436,E2452,0.25556172845824543
1437,E5153,0.3302029105256017
1438,E6332,0.30793372920923295
1439,E1921,0.8210542159806039
1440,E7069,0.43188554889136277
1441,E8933,0.26200172329106175
1442,E6739,0.46173291664459254
1443,E8090,0.7752775528137256
1444,E7885,0.9113017424819677
1445,E10013,0.9786082863993858
1446,E3714,0.6490143775506985
1447,E3059,0.256133157029674
1448,E8044,0.4314906477781326
1449,E6177,0.3302029105256017
1450,E7242,0.256133157029674
1451,E5663,0.25556172845824543
1452,E1612,0.25556172845824543
1453,E2818,0.9995815054510707
1454,E6361,0.9998622589531682
1455,E3605,0.256133157029674
1456,E3722,0.25556172845824543
1457,E4989,0.26200172329106175
1458,E7652,0.30560856515895135
1459,E9577,0.6856933718829997
1460,E9696,0.5722600183965966
1461,E3011,0.5524443675313349
1462,E9772,0.4946608400708268
1463,E9551,0.8987153462075064
1464,E10318,0.26200172329106175
1465,E8491,0.4314906477781326
1466,E5611,0.9993578815174979
1467,E6712,0.9829211598752566
1468,E10483,0.9947249459762413
1469,E7848,0.30560856515895135
1470,E8418,0.7334386466072532
1471,E9360,0.5499675851468206
1472,E8512,0.9923621937263916
1473,E8389,0.7359622709376453
1474,E8076,0.3637103343479273
1475,E721,0.37571105606718447
1476,E3727,0.4314906477781326
1477,E7862,0.8733601298734139
1478,E7400,0.997073076032285
1479,E4806,0.8156265482786413
1480,E1823,0.9079684091486344
1481,E7611,0.30560856515895135
1482,E9180,0.25556172845824543
1483,E9798,0.4090879250747862
1484,E9539,0.4881434605936004
1485,E2069,0.4831934375650297
1486,E5354,0.9911027632672929
1487,E8567,0.5524443675313349
1488,E6209,0.30560856515895135
1489,E2239,0.9968914026463743
1490,E5715,0.9969281055946432
1491,E8128,0.9998022694079317
1492,E2007,0.6490143775506985
1493,E5586,0.7484775727388537
1494,E975,0.25556172845824543
1495,E1503,0.30560856515895135
1496,E291,0.46173291664459254
1497,E7307,0.25556172845824543
1498,E7957,0.740050632136088
1499,E9730,0.5907645276189549
1500,E10356,0.9993602036300444
1501,E9047,0.9846052667049632
1502,E1440,0.46173291664459254
1503,E337,0.4314906477781326
1504,E1158,0.25556172845824543
1505,E3742,0.26200172329106175
1506,E2819,0.9189939391083117
1507,E6176,0.256133157029674
1508,E1263,0.9512413942403375
1509,E4668,0.3669264080332847
1510,E8341,0.30560856515895135
1511,E2638,0.30611432899805086
1512,E3990,0.5524443675313349
1513,E1221,0.8289753634077963
1514,E9027,0.4946608400708268
1515,E1873,0.30611432899805086
1516,E5030,0.25556172845824543
1517,E2507,0.5306083195311312
1518,E10158,0.7647021944108117
1519,E6666,0.3302029105256017
1520,E5541,0.4967287435738855
1521,E312,0.30793372920923295
1522,E1724,0.5653855220877353
1523,E316,0.3637103343479273
1524,E9908,0.30611432899805086
1525,E5350,0.999969696969697
1526,E9364,0.3302029105256017
1527,E4624,1.0
1528,E6498,0.3302029105256017
1529,E1105,0.26200172329106175
1530,E9622,0.30560856515895135
1531,E2822,0.28716163682432966
1532,E6723,0.6923403794240431
1533,E3311,0.6599873329886555
1534,E7082,0.46188525889347154
1535,E4895,0.30611432899805086
1536,E3308,0.49198913418209633
1537,E663,0.9701563048636956
1538,E7931,0.4785904807216069
1539,E9578,0.30560856515895135
1540,E6307,0.5722600183965966
1541,E10728,0.7263777127083959
1542,E7591,0.26200172329106175
1543,E759,0.740050632136088
1544,E628,0.9532592664080847
1545,E1366,0.3637103343479273
1546,E3077,0.5501339719915135
1547,E2348,0.256133157029674
1548,E6925,0.871289962099925
1549,E7708,0.5398220642188722
1550,E7333,0.8964966792504155
1551,E7784,0.9886334815485082
1552,E7756,0.5306083195311312
1553,E10363,0.28980937548881985
1554,E4656,0.8129835995320551
1555,E2775,0.40956157475726557
1556,E9731,0.6517521547913271
1557,E4513,0.29867018858907285
1558,E7028,0.8289753634077963
1559,E1536,0.9931697705237216
1560,E5289,0.30560856515895135
1561,E9872,0.46188525889347154
1562,E10079,0.8612162708147281
1563,E418,0.7381500737944002
1564,E1400,0.4314906477781326
1565,E7081,0.40956157475726557
1566,E2935,0.40956157475726557
1567,E1710,0.25556172845824543
1568,E7794,0.9371169370601204
1569,E2415,0.5499675851468206
1570,E6825,0.48749845966009414
1571,E4688,0.927211701026773
1572,E8434,0.4314906477781326
1573,E6465,0.4018282705354849
1574,E4140,0.5344685496149068
1575,E2781,0.4314906477781326
1576,E4192,0.7717586180225979
1577,E1361,0.30611432899805086
1578,E7500,0.25556172845824543
1579,E9157,0.8156265482786413
1580,E9042,0.9760812197268685
1581,E8613,0.256133157029674
1582,E9847,0.4314906477781326
1583,E98,0.8103406714940565
1584,E1150,0.9992575757575757
1585,E2019,0.9020486795408397
1586,E10026,0.4090879250747862
1587,E3831,1.0
1588,E937,0.7359622709376453
1589,E2954,1.0
1590,E5237,0.8527765914106631
1591,E10682,0.995332096130648
1592,E10753,0.9083327309977725
1593,E2302,1.0
1594,E6710,0.9970617244532057
1595,E1902,0.28716163682432966
1596,E861,0.7442104844515367
1597,E1004,0.3857925311937743
1598,E1523,0.993258393570882
1599,E4084,1.0
1600,E1735,0.26200172329106175
1601,E1371,0.4967287435738855
1602,E9651,0.9969311088206844
1603,E9294,0.8110995415610406
1604,E5852,0.8979907245393814
1605,E6295,0.9901555617101643
1606,E5361,0.9237873204398299
1607,E7205,0.9982882880907109
1608,E4269,0.9240104453272802
1609,E9426,1.0
1610,E9075,0.43139006134524943
1611,E5489,0.3637103343479273
1612,E4598,0.26200172329106175
1613,E9036,0.256133157029674
1614,E3609,0.30793372920923295
1615,E1134,0.7050379068623575
1616,E5023,0.9397987450811776
1617,E4560,0.26200172329106175
1618,E7588,0.5398220642188722
1619,E4735,0.30560856515895135
1620,E5070,0.8917698384828489
1621,E8709,0.9995706618642778
1622,E10556,0.40956157475726557
1623,E4793,0.8020186315369227
1624,E5,0.7322747187055322
1625,E7590,0.4881434605936004
1626,E3894,0.26200172329106175
1627,E9804,0.43139006134524943
1628,E8521,0.9767667327389562
1629,E9407,0.6517521547913271
1630,E9161,0.28716163682432966
1631,E5946,0.9157211885822492
1632,E8773,0.26200172329106175
1633,E8839,0.5905919102615279
1634,E10446,0.9992575757575757
1635,E5024,0.4314906477781326
1636,E9538,0.29867018858907285
1637,E5973,0.43188554889136277
1638,E3569,0.9835579049210763
1639,E3893,0.28716163682432966
1640,E8404,0.9292413503548346
1641,E6675,0.4881434605936004
1642,E4276,0.40956157475726557
1643,E5770,0.8879138023214745
1644,E989,0.7884561310242404
1645,E1670,0.5499675851468206
1646,E10481,0.3637103343479273
1647,E10587,0.5499675851468206
1648,E6658,0.9975557336700238
1649,E7370,0.4314906477781326
1650,E7188,0.30611432899805086
1651,E5167,0.4785904807216069
1652,E1791,0.26200172329106175
1653,E5501,1.0
1654,E4554,0.7882044329512448
1655,E2556,0.5499675851468206
1656,E1349,0.30611432899805086
1657,E6906,0.9957191331015804
1658,E7445,0.30560856515895135
1659,E455,0.43139006134524943
1660,E5837,0.29867018858907285
1661,E10112,0.9984282329429546
1662,E351,0.3857925311937743
1663,E5330,0.26200172329106175
1664,E7703,0.42231103186371194
1665,E7766,0.3637103343479273
1666,E1725,0.7836825751301524
1667,E8209,0.256133157029674
1668,E2992,0.29867018858907285
1669,E6931,1.0
1670,E684,0.37571105606718447
1671,E3302,0.9498828846401886
1672,E503,1.0
1673,E5152,0.30611432899805086
1674,E209,0.4090879250747862
1675,E9,0.9327733435419325
1676,E4226,0.9165676227425784
1677,E7933,0.6477704063609337
1678,E6243,0.256133157029674
1679,E5694,0.8479942757271355
1680,E9566,0.30611432899805086
1681,E5394,0.256133157029674
1682,E2356,0.5060273370486024
1683,E5007,0.3302029105256017
1684,E3118,0.9372832935691638
1685,E6484,0.30560856515895135
1686,E9045,0.9616669040918062
1687,E10320,0.822311174056542
1688,E2443,0.43139006134524943
1689,E3223,0.8500994692178162
1690,E6179,0.30611432899805086
1691,E1186,0.43139006134524943
1692,E9694,1.0
1693,E10451,0.9792002214851834
1694,E4862,0.256133157029674
1695,E10532,0.256133157029674
1696,E10820,0.9967648601236835
1697,E3231,0.7300152601894364
1698,E8322,0.4314906477781326
1699,E3075,1.0
1700,E2565,0.30611432899805086
1701,E2114,0.256133157029674
1702,E7087,0.6517521547913271
1703,E5339,0.43139006134524943
1704,E8786,0.9960180109773671
1705,E2505,0.256133157029674
1706,E3232,0.25556172845824543
1707,E5399,0.30611432899805086
1708,E498,0.3302029105256017
1709,E1507,0.4030301761190292
1710,E6607,0.26200172329106175
1711,E4933,0.3637103343479273
1712,E4701,1.0
1713,E87,0.4831934375650297
1714,E1220,0.26200172329106175
1715,E10810,0.3302029105256017
1716,E5412,0.947127463267605
1717,E2714,0.256133157029674
1718,E2672,0.983559587239267
1719,E10608,0.5882683440693319
1720,E1542,0.4314906477781326
1721,E7776,0.4946608400708268
1722,E4404,0.8782047057002611
1723,E10351,0.30611432899805086
1724,E8096,0.30560856515895135
1725,E2202,0.5282212427367476
1726,E5044,0.9323060301867123
1727,E10497,0.28716163682432966
1728,E3863,0.3278329814765878
1729,E8976,0.28716163682432966
1730,E4136,0.9904561055720734
1731,E3682,0.9752131011853246
1732,E2762,0.3302029105256017
1733,E10707,0.46173291664459254
1734,E8167,0.740050632136088
1735,E2879,0.28716163682432966
1736,E1013,0.9768201937484701
1737,E761,0.9992042710702295
1738,E3181,0.43139006134524943
1739,E2391,0.26200172329106175
1740,E9255,0.40956157475726557
1741,E9657,0.29867018858907285
1742,E3828,0.46188525889347154
1743,E8897,0.5060273370486024
1744,E8300,0.28716163682432966
1745,E8595,0.9372435630600771
1746,E3812,0.26200172329106175
1747,E8673,0.4314906477781326
1748,E7262,0.3302029105256017
1749,E6185,0.30793372920923295
1750,E5519,0.30560856515895135
1751,E6991,0.914868611719531
1752,E10732,0.9428009572989009
1753,E10744,0.30611432899805086
1754,E10354,0.9999293036408625
1755,E9631,0.7888600577895116
1756,E2126,0.40956157475726557
1757,E3878,1.0
1758,E5182,0.3302029105256017
1759,E6901,0.256133157029674
1760,E1341,0.9980488433182456
1761,E8972,0.35785694053232125
1762,E9184,0.256133157029674
1763,E6787,0.29867018858907285
1764,E3460,0.25556172845824543
1765,E5371,0.3857925311937743
1766,E2753,0.4881434605936004
1767,E6764,0.5344685496149068
1768,E7829,0.25556172845824543
1769,E6971,1.0
1770,E8075,0.25556172845824543
1771,E9060,0.43139006134524943
1772,E3044,0.28716163682432966
1773,E2491,0.8289753634077963
1774,E8760,1.0
1775,E7243,0.26200172329106175
1776,E3775,0.988245223164094
1777,E7388,1.0
1778,E3171,0.3302029105256017
1779,E10019,1.0
1780,E9829,0.30793372920923295
1781,E5068,0.8987153462075064
1782,E9600,0.29867018858907285
1783,E4836,0.3402669288393704
1784,E8544,0.256133157029674
1785,E5696,0.4018282705354849
1786,E1900,0.3278329814765878
1787,E9351,0.9722775751389344
1788,E5646,0.5398220642188722
1789,E10553,0.8608712191607827
1790,E6457,0.9998737373737374
1791,E7709,0.9978573561776981
1792,E8930,0.4831934375650297
1793,E8492,0.256133157029674
1794,E5065,0.995751566448989
1795,E5264,0.3857925311937743
1796,E9257,0.9853879387633414
1797,E2441,0.5499675851468206
1798,E10391,0.3637103343479273
1799,E10779,0.25556172845824543
1800,E4874,1.0
1801,E7217,0.3669264080332847
1802,E8260,0.8103406714940565
1803,E7730,0.999969696969697
1804,E10244,0.29867018858907285
1805,E10098,0.4967287435738855
1806,E7376,0.9352753683873984
1807,E3733,0.9828046242406228
1808,E4936,1.0
1809,E703,0.25556172845824543
1810,E1146,0.30793372920923295
1811,E8608,0.5344685496149068
1812,E6665,0.9474265306940737
1813,E4259,0.9330703257820309
1814,E1031,0.6517521547913271
1815,E2986,0.974156834546297
1816,E478,0.25556172845824543
1817,E3470,0.740050632136088
1818,E5241,0.25556172845824543
1819,E9980,0.49198913418209633
1820,E10720,1.0
1821,E8746,0.8842801864834084
1822,E2509,0.8842801864834084
1823,E7096,0.826755289881971
1824,E504,0.3302029105256017
1825,E9719,0.28716163682432966
1826,E708,0.25556172845824543
1827,E2732,0.26200172329106175
1828,E9069,0.5614717620244827
1829,E3780,0.9372832935691638
1830,E6616,0.8383635248068865
1831,E1356,0.5344685496149068
1832,E2467,0.4881434605936004
1833,E3350,0.8979570401301773
1834,E8686,0.998440011105458
1835,E3888,0.29867018858907285
1836,E6509,0.3637103343479273
1837,E6167,0.7977245727113202
1838,E6749,0.30793372920923295
1839,E3624,0.4314906477781326
1840,E2398,0.26200172329106175
1841,E6282,0.26200172329106175
1842,E5636,0.9997918679024037
1843,E5675,0.49540612938659984
1844,E5884,0.5398220642188722
1845,E9905,0.26200172329106175
1846,E9754,0.9871762678812424
1847,E10007,0.4314906477781326
1848,E8716,0.25556172845824543
1849,E5960,0.801758874525374
1850,E1229,1.0
1851,E1545,0.4831934375650297
1852,E6858,0.9945049841442823
1853,E2199,0.26200172329106175
1854,E6108,0.3302029105256017
1855,E178,0.9493693700660749
1856,E987,0.30793372920923295
1857,E10084,0.43139006134524943
1858,E1797,0.9852890562529882
1859,E7531,0.3857925311937743
1860,E6490,0.40956157475726557
1861,E1419,0.30560856515895135
1862,E10257,0.26200172329106175
1863,E5115,0.28716163682432966
1864,E1512,0.9288803568658478
1865,E1864,0.3637103343479273
1866,E9561,0.3669264080332847
1867,E555,0.963137628809234
1868,E2966,0.3857925311937743
1869,E4663,0.7195241166444448
1870,E558,0.8383635248068865
1871,E5238,0.30611432899805086
1872,E4134,0.7322747187055322
1873,E3483,0.25556172845824543
1874,E2234,0.3637103343479273
1875,E1391,0.8615951865643169
1876,E2064,0.25556172845824543
1877,E6152,0.9419471511888412
1878,E7493,0.9991754110413694
1879,E7853,0.972433022711862
1880,E673,0.9930198498920937
1881,E2634,0.8783084607827447
1882,E6388,0.40956157475726557
1883,E2260,0.4314906477781326
1884,E7515,0.939917259866703
1885,E6049,0.25556172845824543
1886,E9587,0.9395627103115727
1887,E58,1.0
1888,E8124,0.256133157029674
1889,E2474,0.8527765914106631
1890,E5299,0.4018282705354849
1891,E3169,0.9992592592592594
1892,E2003,0.29867018858907285
1893,E352,0.9089655310032303
1894,E3925,0.37571105606718447
1895,E5430,0.8110995415610406
1896,E4981,0.28980937548881985
1897,E5488,0.43139006134524943
1898,E5968,0.256133157029674
1899,E5951,0.9869685030845755
1900,E3590,0.9200035039653741
1901,E149,0.25556172845824543
1902,E1700,0.5344685496149068
1903,E2777,0.8383635248068865
1904,E4520,1.0
1905,E7947,0.7025493244703804
1906,E2513,0.9993333333333332
1907,E4145,0.9931697705237216
1908,E8292,0.43139006134524943
1909,E2307,0.25556172845824543
1910,E4872,0.9476805759097457
1911,E1922,0.256133157029674
1912,E2631,0.43188554889136277
1913,E9736,0.5306083195311312
1914,E9341,1.0
1915,E10856,0.9424970401045634
1916,E1950,0.4090879250747862
1917,E3752,0.43139006134524943
1918,E10029,0.4090879250747862
1919,E9508,0.4881434605936004
1920,E9165,0.7380681105604759
1921,E10425,0.8373037499463539
1922,E833,0.30560856515895135
1923,E4118,0.8842801864834084
1924,E249,0.9152371713755691
1925,E2681,0.3302029105256017
1926,E10042,0.9996714086515098
1927,E4110,0.5060273370486024
1928,E6474,0.256133157029674
1929,E7255,0.9797356604983319
1930,E4747,0.8020186315369227
1931,E5476,0.9977131982714749
1932,E6246,0.28716163682432966
1933,E1952,0.26200172329106175
1934,E7608,0.256133157029674
1935,E35,0.9582571127051637
1936,E6247,0.3669264080332847
1937,E4779,0.46442821656681177
1938,E10711,1.0
1939,E6803,0.7715871867999544
1940,E2531,0.4831934375650297
1941,E2982,0.8662174766664039
1942,E7421,0.26200172329106175
1943,E6663,1.0
1944,E1042,0.7195241166444448
1945,E5801,0.5344685496149068
1946,E6358,0.48749845966009414
1947,E6304,0.5524443675313349
1948,E8796,0.8777701908145049
1949,E7486,0.25556172845824543
1950,E6795,0.6517521547913271
1951,E6900,0.7250284350064881
1952,E5222,0.8383635248068865
1953,E6777,0.256133157029674
1954,E6406,0.3278329814765878
1955,E9944,0.25556172845824543
1956,E7512,0.49540612938659984
1957,E5635,0.25556172845824543
1958,E142,0.6923403794240431
1959,E4287,0.5306083195311312
1960,E7991,0.3263007569750279
1961,E1750,0.9977295479802468
1962,E175,0.3857925311937743
1963,E1699,0.4090879250747862
1964,E1315,0.3637103343479273
1965,E1376,0.8129835995320551
1966,E389,0.256133157029674
1967,E8553,0.944770270852848
1968,E6088,0.7195241166444448
1969,E8001,0.963970267117538
1970,E5472,0.37571105606718447
1971,E4323,0.256133157029674
1972,E8254,0.896123980914415
1973,E6788,0.29867018858907285
1974,E2853,0.26200172329106175
1975,E10563,0.5060273370486024
1976,E8197,0.3669264080332847
1977,E5093,0.8668243908379127
1978,E2882,0.46465622714179877
1979,E5004,0.7663143859291435
1980,E10636,0.25556172845824543
1981,E8275,0.9936024105549608
1982,E9097,0.43139006134524943
1983,E1421,0.37571105606718447
1984,E702,0.26200172329106175
1985,E9941,0.46188525889347154
1986,E978,0.9932673660029957
1987,E5226,0.8815380390335944
1988,E8257,0.3302029105256017
1989,E5035,0.46188525889347154
1990,E3455,0.4967287435738855
1991,E5912,0.909139482000958
1992,E8840,0.30560856515895135
1993,E2917,0.256133157029674
1994,E458,0.3278329814765878
1995,E6570,1.0
1996,E9166,0.5060273370486024
1997,E7767,0.4881434605936004
1998,E3095,0.3302029105256017
1999,E9107,1.0
2000,E10189,0.4314906477781326
2001,E1285,0.9292413503548346
2002,E1505,0.30793372920923295
2003,E6664,0.9728534416895676
2004,E936,0.30560856515895135
2005,E4727,0.8177246133303049
2006,E7507,0.30611432899805086
2007,E928,0.9629043809180942
2008,E4699,0.9427731479803894
2009,E6231,0.48749845966009414
2010,E5447,0.25556172845824543
2011,E2175,0.256133157029674
2012,E7526,0.256133157029674
2013,E1805,0.25556172845824543
2014,E5888,0.5398220642188722
2015,E10132,0.740050632136088
2016,E6597,1.0
2017,E4998,0.7113000624379829
2018,E5664,0.9999293036408625
2019,E3542,0.5477107254909181
2020,E9128,0.9927034427817458
2021,E9194,0.960410725345041
2022,E10168,0.43139006134524943
2023,E6337,0.6410039228701487
2024,E2479,0.5722600183965966
2025,E3253,0.9475457385249083
2026,E1037,0.30560856515895135
2027,E4485,0.947776409243079
2028,E665,0.7647021944108117
2029,E8165,0.5882683440693319
2030,E1499,0.98305142713101
2031,E10038,0.95084265605204
2032,E10071,1.0
2033,E859,0.5722600183965966
2034,E3983,0.5398220642188722
2035,E9866,1.0
2036,E3167,0.3263007569750279
2037,E9765,0.3857925311937743
2038,E6455,0.7163570585072405
2039,E6999,0.4881434605936004
2040,E8340,0.42231103186371194
2041,E5906,0.30560856515895135
2042,E8047,0.9505704782149145
2043,E2796,0.4314906477781326
2044,E7483,0.9488137228107132
2045,E5952,0.25556172845824543
2046,E883,0.5499675851468206
2047,E41,0.8842801864834084
2048,E1906,0.7380681105604759
2049,E1573,0.8782047057002611
2050,E2289,0.5306083195311312
2051,E8668,0.8209151305181338
2052,E1981,0.256133157029674
2053,E9783,0.4090879250747862
2054,E7123,0.9827032918714597
2055,E5066,0.973645758384621
2056,E1034,1.0
2057,E1329,0.3637103343479273
2058,E3839,0.9286837406926972
2059,E5126,0.28716163682432966
2060,E5875,0.29867018858907285
2061,E4314,0.996794314389887
2062,E8270,1.0
2063,E10022,0.7761924620605745
2064,E4410,1.0
2065,E8996,0.28980937548881985
2066,E2730,0.4881434605936004
2067,E3937,0.8842801864834084
2068,E8758,0.630382996879122
2069,E4732,0.4090879250747862
2070,E8774,0.7977245727113202
2071,E10383,0.6490143775506985
2072,E1749,0.46465622714179877
2073,E8685,0.9372832935691638
2074,E1878,1.0
2075,E5610,0.29867018858907285
2076,E3479,0.99992784992785
2077,E8779,0.9759549571006059
2078,E2856,0.9343945947375408
2079,E5898,0.8082063579501861
2080,E322,1.0
2081,E550,0.256133157029674
2082,E4230,0.9458223605328883
2083,E534,1.0
2084,E5288,0.25556172845824543
2085,E4816,0.9978234675074459
2086,E10200,0.6923403794240431
2087,E10182,0.26200172329106175
2088,E9200,0.3669264080332847
2089,E804,0.28716163682432966
2090,E9983,0.5499675851468206
2091,E7683,0.989267071890065
2092,E9948,0.25556172845824543
2093,E5687,0.892215358603135
2094,E6837,0.9993205727735297
2095,E9495,0.8110995415610406
2096,E1852,0.28716163682432966
2097,E2913,0.30611432899805086
2098,E7241,0.3637103343479273
2099,E1679,0.5344685496149068
2100,E10397,0.46173291664459254
2101,E8214,0.43139006134524943
2102,E8326,0.5344685496149068
2103,E8713,0.7977245727113202
2104,E4949,0.914868611719531
2105,E7334,0.5499675851468206
2106,E237,0.9752131011853246
2107,E1918,0.947776409243079
2108,E1747,0.4967287435738855
2109,E515,0.6689813076779814
2110,E5570,0.30560856515895135
2111,E5927,0.3637103343479273
2112,E5418,0.49055823198440757
2113,E5883,0.7050379068623575
2114,E4097,0.9745955162902359
2115,E770,0.985713415755485
2116,E4881,0.46188525889347154
2117,E10700,0.7113000624379829
2118,E1253,0.5524443675313349
2119,E4858,0.25556172845824543
2120,E2116,0.9801009593313464
2121,E10281,0.7381500737944002
2122,E8979,0.7620052375329232
2123,E8912,0.3302029105256017
2124,E1377,0.256133157029674
2125,E7326,0.28716163682432966
2126,E7944,0.4881434605936004
2127,E3503,0.3669264080332847
2128,E7013,1.0
2129,E8921,0.5882683440693319
2130,E6351,1.0
2131,E1136,0.9930293894005505
2132,E4206,0.30560856515895135
2133,E8689,0.8918607742802929
2134,E5121,0.4314906477781326
2135,E8475,0.43139006134524943
2136,E10747,0.4314906477781326
2137,E4868,0.8156265482786413
2138,E8394,0.43139006134524943
2139,E1569,0.4314906477781326
2140,E5427,0.9854690794494209
2141,E10032,0.983079885273435
2142,E1998,0.9984163216843058
2143,E26,0.3669264080332847
2144,E4266,0.25556172845824543
2145,E8091,1.0
2146,E5857,0.256133157029674
2147,E10062,0.25556172845824543
2148,E10127,0.28716163682432966
2149,E9267,0.3637103343479273
2150,E2664,0.3302029105256017
2151,E1045,0.25556172845824543
2152,E10330,0.25556172845824543
2153,E2909,0.46188525889347154
2154,E778,0.29867018858907285
2155,E9962,0.9992575757575757
2156,E5166,0.43139006134524943
2157,E2449,0.3637103343479273
2158,E9491,0.5398220642188722
2159,E7761,0.26200172329106175
2160,E2539,0.30793372920923295
2161,E7304,0.5398220642188722
2162,E6145,0.28980937548881985
2163,E9066,0.25556172845824543
2164,E7993,0.256133157029674
2165,E1794,0.26200172329106175
2166,E3980,0.8782047057002611
2167,E2524,0.4018282705354849
2168,E4324,0.26200172329106175
2169,E1384,0.9966989820955072
2170,E7582,1.0
2171,E5209,0.5689836079887257
